	champion	ck_rate	cs_per_min	kda	result	timestamp
0	레넥톤	35	7.6	1.40	패배	2017년 6월 20일 오전 3시 10분
1	블라디미르	54	7.3	1.40	패배	2017년 6월 20일 오전 2시 32분
2	블라디미르	30	6.5	0.60	패배	2017년 6월 20일 오전 1시 57분
3	자이라	55	5.3	3.00	패배	2017년 6월 20일 오전 1시 25분
4	트위스티드 페이트	70	4.8	2.31	승리	2017년 6월 20일 오전 12시 18분
5	다리우스	67	6.2	0.67	패배	2017년 6월 19일 오후 11시 16분
6	블라디미르	50	6.6	2.00	패배	2017년 6월 19일 오후 10시 53분
7	레넥톤	41	5.5	1.50	패배	2017년 6월 19일 오후 10시 06분
8	레넥톤	50	6	1.89	패배	2017년 6월 19일 오후 9시 22분
9	그레이브즈	42	4	3.33	승리	2017년 6월 18일 오후 12시 15분
10	레넥톤	46	6.2	0.67	패배	2017년 6월 18일 오전 11시 34분
11	레넥톤	43	6.7	2.25	승리	2017년 6월 18일 오전 11시 03분
12	레넥톤	57	5.1	0.57	패배	2017년 6월 18일 오전 10시 26분
13	레넥톤	27	6.7	1.67	승리	2017년 6월 18일 오전 9시 55분
14	리 신	41	2.5	1.40	패배	2017년 6월 18일 오전 9시 06분
15	쓰레쉬	39	0.8	1.56	승리	2017년 6월 18일 오전 8시 35분
16	쉔	23	5.7	1.00	패배	2017년 6월 18일 오전 7시 40분
17	레넥톤	40	7.3	3.50	승리	2017년 6월 18일 오전 7시 01분
18	레넥톤	63	8.1	6.67	승리	2017년 6월 18일 오전 6시 19분
19	레넥톤	42	6.6	3.25	승리	2017년 6월 18일 오전 5시 33분
20	카사딘	57	6.1	4.33	패배	2017년 6월 18일 오전 4시 54분
21	탈리야	11	3.5	0.11	패배	2017년 6월 18일 오전 4시 15분
22	리 신	74	3	1.92	패배	2017년 6월 18일 오전 3시 33분
23	레넥톤	37	6.3	1.57	패배	2017년 6월 18일 오전 2시 32분
24	레넥톤	50	6.2	3.00	승리	2017년 6월 18일 오전 1시 38분
25	블라디미르	38	6.5	2.14	승리	2017년 6월 18일 오전 12시 51분
26	레넥톤	45	7.9	3.17	승리	2017년 6월 18일 오전 12시 01분
27	레넥톤	33	6.5	0.33	패배	2017년 6월 17일 오후 11시 19분
28	아리	56	6	1.13	패배	2017년 6월 17일 오후 10시 49분
29	르블랑	56	4.8	1.75	패배	2017년 6월 17일 오후 10시 14분
30	자야	50	6.6	0.33	패배	2017년 6월 17일 오후 9시 14분
31	블라디미르	51	5.8	2.33	승리	2017년 6월 17일 오후 8시 46분
32	블라디미르	41	5.8	4.25	승리	2017년 6월 17일 오후 8시 08분
33	신드라	37	5.5	1.08	승리	2017년 6월 17일 오후 7시 27분
34	르블랑	24	4.7	0.40	패배	2017년 6월 17일 오후 6시 40분
35	르블랑	43	6.3	4.50	승리	2017년 6월 17일 오후 6시 03분
36	르블랑	38	5.8	7.50	승리	2017년 6월 17일 오후 5시 34분
37	르블랑	59	6	3.17	승리	2017년 6월 17일 오후 4시 44분
38	다이애나	43	5.2	2.17	승리	2017년 6월 17일 오후 4시 03분
39	리븐	42	6.1	1.08	승리	2017년 6월 17일 오후 3시 21분
40	블라디미르	60	6.4	4.50	승리	2017년 6월 17일 오후 2시 38분
41	블라디미르	78	5.4	0.88	패배	2017년 6월 17일 오후 2시 04분
42	블라디미르	52	7.1	2.67	승리	2017년 6월 17일 오후 1시 09분
43	블라디미르	47	6.1	0.90	패배	2017년 6월 17일 오후 12시 25분
44	블라디미르	36	7.5	2.00	승리	2017년 6월 17일 오전 11시 46분
45	쓰레쉬	36	0.8	2.17	패배	2017년 6월 17일 오전 10시 59분
46	카시오페아	64	5.2	5.25	승리	2017년 6월 17일 오전 10시 11분
47	이렐리아	33	8	2.13	승리	2017년 6월 17일 오전 9시 02분
48	제이스	55	6.9	4.50	승리	2017년 6월 17일 오전 8시 11분
49	레넥톤	29	5.9	0.57	패배	2017년 6월 17일 오전 7시 34분
50	레넥톤	74	7.5	2.83	승리	2017년 6월 17일 오전 6시 53분
51	쓰레쉬	76	1	2.60	패배	2017년 6월 17일 오전 6시 18분
52	잭스	7	5.8	0.20	패배	2017년 6월 17일 오전 5시 35분
53	블라디미르	31	6.1	1.67	승리	2017년 6월 17일 오전 4시 59분
54	블라디미르	46	6.6	6.50	승리	2017년 6월 17일 오전 4시 12분
55	블라디미르	29	6.5	0.80	패배	2017년 6월 17일 오전 3시 41분
56	애니비아	50	6.9	4.00	패배	2017년 6월 16일 오전 9시 59분
57	쓰레쉬	62	0.7	2.91	승리	2017년 6월 16일 오전 8시 53분
58	신드라	15	4.4	0.44	패배	2017년 6월 16일 오전 7시 56분
59	신드라	50	2.6	0.50	패배	2017년 6월 16일 오전 7시 18분
60	피즈	67	5.6	0.50	패배	2017년 6월 16일 오전 6시 47분
61	블라디미르	60	7	2.50	승리	2017년 6월 16일 오전 6시 26분
62	신드라	56	6.3	2.25	승리	2017년 6월 16일 오전 5시 50분
63	블라디미르	38	8.9	1.30	패배	2017년 6월 16일 오전 4시 55분
64	블라디미르	71	5.7	1.50	패배	2017년 6월 16일 오전 4시 11분
65	블라디미르	0	4.2	0.00	패배	2017년 6월 16일 오전 3시 33분
66	블라디미르	58	6.6	1.88	승리	2017년 6월 16일 오전 2시 53분
67	블라디미르	52	6.6	3.00	승리	2017년 6월 16일 오전 1시 46분
68	블라디미르	50	6.3	2.14	승리	2017년 6월 16일 오전 1시 09분
69	블라디미르	56	5.9	2.57	승리	2017년 6월 16일 오전 12시 26분
70	블라디미르	78	6.3	2.00	패배	2017년 6월 15일 오후 11시 30분
71	블라디미르	36	5.5	2.50	승리	2017년 6월 15일 오후 10시 48분
72	블라디미르	71	7.7	1.67	패배	2017년 6월 15일 오후 10시 18분
73	블라디미르	58	8.9	3.67	승리	2017년 6월 15일 오후 9시 34분
74	제드	54	5.5	1.30	패배	2017년 6월 15일 오후 8시 21분
75	블라디미르	45	8.1	3.33	승리	2017년 6월 15일 오후 7시 40분
76	블라디미르	59	5.3	1.89	패배	2017년 6월 15일 오후 7시 08분
77	블라디미르	47	6.8	2.14	승리	2017년 6월 15일 오전 9시 10분
78	블라디미르	59	6	2.20	패배	2017년 6월 15일 오전 8시 34분
79	블라디미르	61	6.5	2.11	패배	2017년 6월 15일 오전 7시 45분
80	리븐	42	5.6	1.14	패배	2017년 6월 15일 오전 6시 58분
81	블라디미르	75	6.6	5.25	승리	2017년 6월 15일 오전 6시 20분
82	블라디미르	52	7.3	4.25	승리	2017년 6월 15일 오전 5시 44분
83	블라디미르	46	7.1	4.25	승리	2017년 6월 15일 오전 4시 46분
84	블라디미르	61	4.4	3.64	승리	2017년 6월 15일 오전 3시 57분
85	블라디미르	31	5.8	5.50	승리	2017년 6월 15일 오전 3시 09분
86	블라디미르	79	5.4	5.50	승리	2017년 6월 15일 오전 2시 33분
87	블라디미르	69	6.8	8.00	승리	2017년 6월 15일 오전 1시 53분
88	쓰레쉬	70	0.9	11.50	승리	2017년 6월 15일 오전 1시 18분
89	자야	36	7.2	4.00	승리	2017년 6월 15일 오전 12시 39분
90	자야	77	7.1	4.25	패배	2017년 6월 15일 오전 12시 09분
91	자야	58	7	3.33	승리	2017년 6월 14일 오후 11시 34분
92	루시안	66	6.1	1.90	패배	2017년 6월 14일 오후 10시 47분
93	자야	40	6.7	1.33	패배	2017년 6월 14일 오후 10시 07분
94	자야	36	7.2	14.00	승리	2017년 6월 14일 오후 9시 28분
95	이즈리얼	61	5.8	4.40	승리	2017년 6월 14일 오후 8시 56분
96	바루스	47	5	1.00	패배	2017년 6월 14일 오후 8시 08분
97	자야	40	6.1	3.00	승리	2017년 6월 14일 오전 4시 40분
98	케이틀린	50	6.3	2.20	패배	2017년 6월 14일 오전 4시 11분
99	자야	67	8.2	4.00	승리	2017년 6월 14일 오전 3시 32분
100	자야	68	7.3	7.00	승리	2017년 6월 14일 오전 3시 03분
101	자야	60	7.6	12.00	승리	2017년 6월 14일 오전 2시 14분
102	자야	36	6.3	0.80	패배	2017년 6월 14일 오전 1시 36분
103	자야	52	7.2	5.67	승리	2017년 6월 14일 오전 1시 07분
104	자야	62	6.2	1.33	패배	2017년 6월 14일 오전 12시 33분
105	자야	36	6.9	0.57	패배	2017년 6월 14일 오전 12시 00분
106	제이스	41	6.5	1.50	패배	2017년 6월 13일 오후 11시 14분
107	자야	21	8.1	0.60	패배	2017년 6월 13일 오후 10시 31분
108	자야	42	6.3	16.00	승리	2017년 6월 13일 오후 9시 56분
109	자야	56	5.2	2.14	승리	2017년 6월 13일 오후 9시 18분
110	트위치	61	4.6	8.50	승리	2017년 6월 13일 오후 8시 34분
111	자야	62	6.1	5.60	승리	2017년 6월 13일 오후 8시 01분
112	자야	24	7.1	0.83	패배	2017년 6월 13일 오후 7시 17분
113	자야	48	5.7	1.00	패배	2017년 6월 12일 오전 11시 00분
114	자야	64	6	1.80	패배	2017년 6월 12일 오전 10시 19분
115	자야	36	7.8	5.00	승리	2017년 6월 12일 오전 9시 49분
116	자야	52	6.2	2.40	승리	2017년 6월 12일 오전 9시 11분
117	자야	42	6.5	3.80	승리	2017년 6월 12일 오전 8시 42분
118	판테온	55	3.6	12.00	승리	2017년 6월 12일 오전 7시 44분
119	자야	39	7.6	5.50	승리	2017년 6월 12일 오전 7시 15분
120	자야	50	6.3	2.75	패배	2017년 6월 12일 오전 6시 03분
121	자야	64	6.5	3.22	승리	2017년 6월 12일 오전 5시 27분
122	자야	62	7.1	7.67	승리	2017년 6월 12일 오전 4시 42분
123	자야	56	8.1	2.25	패배	2017년 6월 12일 오전 4시 02분
124	자야	50	6.6	1.00	패배	2017년 6월 12일 오전 3시 29분
125	자야	44	8	1.67	패배	2017년 6월 11일 오전 6시 32분
126	자야	0	7	0.00	패배	2017년 6월 11일 오전 5시 48분
127	자야	58	6.5	2.57	승리	2017년 6월 11일 오전 5시 18분
128	애쉬	29	5.9	6.00	승리	2017년 6월 10일 오후 11시 45분
129	케이틀린	20	5.4	0.25	패배	2017년 6월 10일 오후 11시 09분
130	자야	35	5.9	1.71	승리	2017년 6월 10일 오후 10시 37분
131	자야	50	5.9	2.57	승리	2017년 6월 10일 오후 9시 56분
132	자야	62	7.1	1.33	패배	2017년 6월 10일 오후 9시 05분
133	이즈리얼	18	4.6	0.54	패배	2017년 6월 10일 오후 8시 26분
134	자야	50	5.3	0.70	패배	2017년 6월 10일 오후 7시 36분
135	리 신	54	2.8	1.17	패배	2017년 6월 10일 오후 7시 05분
136	진	47	5.4	2.30	승리	2017년 6월 10일 오후 6시 32분
137	루시안	38	5.4	1.00	패배	2017년 6월 10일 오후 5시 45분
138	갈리오	37	4.6	1.10	승리	2017년 6월 10일 오후 4시 27분
139	잭스	18	5.7	0.40	패배	2017년 6월 10일 오후 3시 42분
140	잭스	39	5	1.00	패배	2017년 6월 10일 오후 3시 13분
141	잭스	43	5.5	1.43	패배	2017년 6월 10일 오후 2시 44분
142	잭스	46	5	1.20	패배	2017년 6월 10일 오후 2시 07분
143	잭스	45	6.2	1.67	패배	2017년 6월 10일 오후 1시 30분
144	카르마	43	0.7	0.75	패배	2017년 6월 10일 오후 12시 56분
145	잭스	40	6.7	0.22	패배	2017년 6월 10일 오후 12시 24분
146	제이스	41	5.9	1.40	패배	2017년 6월 10일 오전 11시 56분
147	제이스	57	5.8	1.60	패배	2017년 6월 10일 오전 11시 16분
148	제이스	78	4.2	1.00	패배	2017년 6월 10일 오전 10시 32분
149	갈리오	59	5.7	2.86	패배	2017년 6월 10일 오전 9시 56분
150	갈리오	41	4.8	1.23	패배	2017년 6월 10일 오전 9시 12분
151	피오라	46	7	1.20	패배	2017년 6월 10일 오전 8시 27분
152	갈리오	63	5.7	2.13	패배	2017년 6월 10일 오전 7시 29분
153	갈리오	55	5.4	5.40	승리	2017년 6월 10일 오전 6시 32분
154	갈리오	54	4.6	5.25	승리	2017년 6월 10일 오전 5시 53분
155	갈리오	74	5.5	8.33	승리	2017년 6월 10일 오전 5시 07분
156	클레드	38	3.8	0.91	패배	2017년 6월 10일 오전 4시 35분
157	갈리오	43	6.8	9.00	승리	2017년 6월 10일 오전 3시 55분
158	블라디미르	53	5.3	2.36	승리	2017년 6월 10일 오전 3시 26분
159	블라디미르	42	8.2	5.00	승리	2017년 6월 10일 오전 2시 32분
160	블라디미르	49	8	2.00	패배	2017년 6월 10일 오전 2시 00분
161	블라디미르	40	4.9	0.86	패배	2017년 6월 10일 오전 1시 15분
162	블라디미르	66	7.7	6.33	승리	2017년 6월 10일 오전 12시 46분
163	블라디미르	78	6.8	4.83	승리	2017년 6월 10일 오전 12시 12분
164	블라디미르	64	6.9	1.17	패배	2017년 6월 9일 오후 11시 36분
165	블라디미르	75	6.5	1.80	패배	2017년 6월 9일 오후 10시 57분
166	블라디미르	56	5.6	2.22	패배	2017년 6월 9일 오후 10시 18분
167	블라디미르	57	7.3	1.70	패배	2017년 6월 9일 오후 9시 31분
168	블라디미르	44	6.1	7.50	승리	2017년 6월 9일 오후 8시 52분
169	블라디미르	24	4.3	0.58	패배	2017년 6월 9일 오전 9시 48분
170	블라디미르	47	5.9	1.00	패배	2017년 6월 9일 오전 9시 00분
171	블라디미르	47	7	4.00	승리	2017년 6월 9일 오전 8시 22분
172	블라디미르	56	6.8	6.33	승리	2017년 6월 9일 오전 8시 01분
173	제드	64	6	5.33	승리	2017년 6월 9일 오전 7시 26분
174	블라디미르	76	6	4.67	승리	2017년 6월 9일 오전 6시 53분
175	쓰레쉬	56	1.4	10.00	승리	2017년 6월 9일 오전 6시 09분
176	카시오페아	36	5.8	1.33	패배	2017년 6월 9일 오전 5시 44분
177	블라디미르	56	6	3.29	승리	2017년 6월 9일 오전 5시 06분
178	블라디미르	73	7.2	4.71	승리	2017년 6월 9일 오전 4시 28분
179	리 신	70	2.9	1.56	패배	2017년 6월 9일 오전 3시 34분
180	자르반 4세	47	4.6	5.00	승리	2017년 6월 9일 오전 2시 52분
181	다리우스	23	5.5	2.67	승리	2017년 6월 9일 오전 2시 12분
182	블라디미르	52	6.7	2.17	패배	2017년 6월 9일 오전 1시 44분
183	피즈	35	7.5	3.50	패배	2017년 6월 9일 오전 1시 07분
184	블라디미르	54	4.5	1.00	패배	2017년 6월 9일 오전 12시 29분
185	블라디미르	53	5.9	2.11	승리	2017년 6월 8일 오후 11시 48분
186	블라디미르	71	7	4.40	승리	2017년 6월 8일 오후 10시 59분
187	자르반 4세	60	4.3	1.64	패배	2017년 6월 8일 오후 10시 14분
188	블라디미르	56	6.8	4.67	승리	2017년 6월 8일 오후 9시 15분
189	블라디미르	54	7.5	4.67	승리	2017년 6월 8일 오후 8시 43분
190	블라디미르	48	6.2	5.50	승리	2017년 6월 8일 오후 8시 11분
191	블라디미르	54	7.5	3.50	승리	2017년 6월 5일 오전 3시 57분
192	블라디미르	34	6.2	1.83	승리	2017년 6월 5일 오전 3시 10분
193	블라디미르	36	6.6	2.25	승리	2017년 6월 5일 오전 2시 43분
194	블라디미르	58	5.7	7.00	승리	2017년 6월 5일 오전 2시 09분
195	블라디미르	67	8.2	6.00	승리	2017년 6월 5일 오전 1시 40분
196	블라디미르	52	6	1.22	패배	2017년 6월 5일 오전 1시 07분
197	블라디미르	46	6.2	1.44	패배	2017년 6월 5일 오전 12시 30분
198	블라디미르	45	5	1.89	승리	2017년 6월 4일 오후 11시 46분
199	블라디미르	48	6	2.33	승리	2017년 6월 4일 오전 8시 39분
200	블라디미르	15	7.8	3.00	승리	2017년 6월 4일 오전 7시 53분
201	블라디미르	46	6.6	1.10	패배	2017년 6월 4일 오전 7시 27분
202	블라디미르	20	5.1	0.50	패배	2017년 6월 4일 오전 1시 07분
203	블라디미르	27	5.2	0.57	패배	2017년 6월 4일 오전 12시 41분
204	블라디미르	52	6	1.33	패배	2017년 6월 3일 오후 11시 57분
205	블라디미르	48	7.3	13.00	승리	2017년 6월 3일 오후 11시 17분
206	블라디미르	58	6.8	7.00	승리	2017년 6월 3일 오후 10시 46분
207	블라디미르	46	6.7	2.33	승리	2017년 6월 3일 오후 10시 10분
208	블라디미르	48	3.9	1.17	패배	2017년 6월 3일 오후 9시 25분
209	블라디미르	50	4.5	2.25	승리	2017년 6월 3일 오후 8시 38분
210	블라디미르	44	6.1	1.60	패배	2017년 6월 3일 오후 8시 14분
211	블라디미르	48	7.4	1.86	패배	2017년 6월 3일 오후 7시 42분
212	블라디미르	54	8.7	4.67	승리	2017년 6월 3일 오후 7시 01분
213	블라디미르	59	5.7	3.38	승리	2017년 6월 3일 오후 6시 32분
214	블라디미르	37	7.2	2.60	승리	2017년 6월 3일 오후 5시 43분
215	블라디미르	67	6.1	4.00	승리	2017년 6월 3일 오후 4시 53분
216	블라디미르	74	6.4	3.22	패배	2017년 6월 3일 오후 3시 55분
217	블라디미르	63	7.6	2.22	패배	2017년 5월 30일 오후 12시 22분
218	블라디미르	30	5	0.33	패배	2017년 5월 30일 오전 11시 35분
219	블라디미르	29	5.9	2.50	승리	2017년 5월 30일 오전 11시 02분
220	블라디미르	43	5.8	6.50	승리	2017년 5월 30일 오전 10시 31분
221	블라디미르	27	5.8	3.00	승리	2017년 5월 30일 오전 10시 09분
222	블라디미르	46	8.5	5.50	승리	2017년 5월 30일 오전 9시 38분
223	블라디미르	22	7	0.50	패배	2017년 5월 30일 오전 9시 09분
224	블라디미르	15	6	0.60	승리	2017년 5월 30일 오전 8시 20분
225	블라디미르	68	7.1	2.14	패배	2017년 5월 30일 오전 7시 52분
226	블라디미르	53	7.8	5.00	승리	2017년 5월 30일 오전 7시 19분
227	블라디미르	30	7.5	1.50	승리	2017년 5월 30일 오전 6시 41분
228	블라디미르	56	6.1	0.91	패배	2017년 5월 30일 오전 6시 07분
229	블라디미르	43	4.6	0.75	패배	2017년 5월 30일 오전 5시 27분
230	블라디미르	82	7.6	2.00	패배	2017년 5월 30일 오전 4시 55분
231	블라디미르	61	6.4	4.67	승리	2017년 5월 30일 오전 4시 11분
232	다리우스	21	5.8	0.64	패배	2017년 5월 30일 오전 3시 44분
233	블라디미르	56	7	4.67	승리	2017년 5월 30일 오전 3시 02분
234	블라디미르	47	6.5	3.00	승리	2017년 5월 30일 오전 2시 30분
235	블라디미르	77	7	2.75	패배	2017년 5월 30일 오전 1시 50분
236	블라디미르	61	7.7	2.20	패배	2017년 5월 30일 오전 12시 51분
237	블라디미르	36	3.8	1.78	패배	2017년 5월 8일 오전 10시 15분
238	블라디미르	36	4.3	1.00	패배	2017년 5월 8일 오전 9시 22분
239	블라디미르	46	6.3	0.86	패배	2017년 5월 8일 오전 8시 36분
240	블라디미르	40	3.4	0.80	패배	2017년 5월 8일 오전 8시 02분
241	블라디미르	53	5.3	3.00	승리	2017년 5월 8일 오전 7시 29분
242	블라디미르	52	6.5	1.71	패배	2017년 5월 8일 오전 6시 43분
243	블라디미르	54	6.7	7.50	승리	2017년 5월 8일 오전 6시 04분
244	블라디미르	45	7.9	6.50	승리	2017년 5월 8일 오전 5시 32분
245	블라디미르	37	4.9	1.15	패배	2017년 5월 8일 오전 4시 54분
246	블라디미르	36	7.1	2.00	승리	2017년 5월 8일 오전 4시 06분
247	블라디미르	40	7	0.50	패배	2017년 5월 8일 오전 3시 32분
248	블라디미르	46	5.4	1.90	승리	2017년 5월 8일 오전 3시 03분
249	블라디미르	41	5.9	0.75	패배	2017년 5월 8일 오전 2시 14분
250	리 신	83	3.8	3.00	패배	2017년 5월 8일 오전 1시 30분
251	이렐리아	47	6.7	0.78	패배	2017년 5월 7일 오후 9시 49분
252	이렐리아	67	7.1	7.33	승리	2017년 5월 7일 오후 9시 15분
253	리븐	32	4.8	1.00	패배	2017년 5월 7일 오후 8시 39분
254	노틸러스	58	5.8	1.17	패배	2017년 5월 7일 오후 7시 47분
255	그라가스	29	5	2.00	승리	2017년 5월 7일 오후 6시 58분
256	다리우스	55	4.4	2.20	패배	2017년 5월 7일 오후 4시 19분
257	그라가스	15	7.6	2.00	승리	2017년 5월 7일 오후 3시 25분
258	제이스	54	6.6	1.88	패배	2017년 4월 19일 오후 7시 01분
259	진	43	6.1	1.67	승리	2017년 4월 15일 오후 4시 44분
260	레넥톤	33	6.6	0.67	패배	2017년 4월 15일 오후 3시 56분
261	피즈	45	5.9	3.40	승리	2017년 4월 15일 오후 3시 19분
262	다리우스	49	7.5	3.33	승리	2017년 4월 12일 오후 8시 29분
263	신드라	65	6.6	2.13	패배	2017년 4월 12일 오후 7시 36분
264	에코	47	5.7	2.29	승리	2017년 4월 11일 오후 6시 10분
265	리븐	27	7.4	1.57	승리	2017년 4월 11일 오후 4시 59분
266	탐 켄치	53	2.6	1.50	패배	2017년 4월 11일 오후 4시 09분
267	브랜드	48	0.9	1.18	패배	2017년 4월 11일 오후 3시 39분
268	피즈	57	7.1	1.78	패배	2017년 4월 7일 오후 8시 23분
269	이즈리얼	43	6.8	1.00	패배	2017년 4월 7일 오후 7시 11분
270	킨드레드	63	4.4	2.86	승리	2017년 4월 7일 오후 6시 29분
271	피즈	43	6.9	3.00	승리	2017년 4월 7일 오후 5시 47분
272	람머스	67	4.3	3.00	패배	2017년 4월 7일 오후 5시 16분
273	그레이브즈	42	5.1	2.80	승리	2017년 4월 7일 오후 4시 41분
274	클레드	38	3.9	0.60	패배	2017년 4월 7일 오후 3시 59분
275	피즈	61	6.5	3.13	패배	2017년 4월 7일 오후 3시 27분
276	피즈	49	6.5	3.17	패배	2017년 4월 7일 오후 2시 42분
277	피즈	62	5.4	3.00	패배	2017년 4월 4일 오후 2시 34분
278	레넥톤	66	3.8	6.25	승리	2017년 4월 4일 오후 1시 55분
279	탈론	33	7	1.00	패배	2017년 4월 4일 오후 1시 20분
280	피즈	53	5.8	3.50	승리	2017년 4월 4일 오후 12시 21분
281	피즈	33	4.3	2.14	승리	2017년 4월 4일 오전 11시 34분
282	제이스	17	2.3	1.50	패배	2017년 4월 4일 오전 11시 01분
283	피즈	47	5.9	2.33	패배	2017년 4월 4일 오전 10시 13분
284	질리언	77	5.6	8.50	승리	2017년 4월 4일 오전 9시 40분
285	킨드레드	36	4.4	4.33	승리	2017년 4월 2일 오후 8시 26분
286	킨드레드	42	3.1	5.50	승리	2017년 4월 2일 오후 7시 13분
287	리븐	19	7.2	1.80	승리	2017년 4월 2일 오후 6시 44분
288	리 신	57	5.4	3.20	패배	2017년 4월 2일 오후 5시 25분
289	피즈	56	6.7	8.00	승리	2017년 4월 2일 오후 4시 52분
290	피즈	55	5.4	2.20	승리	2017년 4월 2일 오후 4시 13분
291	킨드레드	52	4.1	15.00	승리	2017년 4월 2일 오후 3시 33분
292	피즈	64	5.1	5.60	승리	2017년 4월 2일 오후 1시 07분
293	피즈	67	6.4	1.67	패배	2017년 4월 2일 오후 12시 27분
294	피즈	71	4.9	2.13	패배	2017년 4월 2일 오전 11시 51분
295	피즈	53	6.9	3.57	승리	2017년 4월 2일 오전 11시 06분
296	이즈리얼	45	4.8	0.50	패배	2017년 4월 2일 오전 10시 19분
297	케이틀린	60	6.4	1.50	패배	2017년 4월 2일 오전 9시 49분
298	이즈리얼	62	5.8	2.67	승리	2017년 4월 2일 오전 9시 13분
299	이즈리얼	60	6.7	2.00	패배	2017년 4월 2일 오전 8시 27분
300	신드라	49	6.8	3.00	승리	2017년 4월 2일 오전 7시 40분
301	이즈리얼	65	5.8	2.43	승리	2017년 4월 2일 오전 6시 53분
302	트린다미어	64	6.8	0.70	패배	2017년 4월 2일 오전 6시 11분
303	아리	56	6.9	2.11	패배	2017년 4월 2일 오전 5시 26분
304	케이틀린	54	7.1	3.50	승리	2017년 4월 2일 오전 4시 29분
305	이즈리얼	51	6.3	2.71	승리	2017년 4월 2일 오전 3시 41분
306	이즈리얼	56	7.1	3.00	패배	2017년 4월 2일 오전 3시 00분
307	징크스	57	5.5	2.00	승리	2017년 3월 31일 오후 10시 57분
308	진	53	5.8	8.00	승리	2017년 3월 31일 오후 10시 10분
309	이즈리얼	69	5.9	2.78	승리	2017년 3월 31일 오후 9시 26분
310	케이틀린	23	8.9	1.67	승리	2017년 3월 31일 오후 8시 40분
311	이즈리얼	74	7.7	15.50	승리	2017년 3월 31일 오후 8시 09분
312	루시안	58	5.9	2.11	패배	2017년 3월 31일 오후 7시 31분
313	이즈리얼	48	7.1	1.44	패배	2017년 3월 31일 오후 6시 46분
314	이즈리얼	62	7.3	6.00	승리	2017년 3월 31일 오후 6시 00분
315	피즈	56	6.6	1.29	패배	2017년 3월 31일 오후 5시 17분
316	그레이브즈	67	5.3	0.86	패배	2017년 3월 31일 오후 4시 40분
317	리 신	62	3.7	3.44	승리	2017년 3월 31일 오후 4시 06분
318	노틸러스	46	6.5	2.00	패배	2017년 3월 31일 오후 3시 17분
319	피즈	67	5.5	3.78	승리	2017년 3월 31일 오후 2시 40분
320	피즈	16	5.7	0.71	승리	2017년 3월 31일 오전 2시 34분
321	피즈	54	2.4	3.67	승리	2017년 3월 31일 오전 1시 34분
322	피즈	37	7.6	4.00	승리	2017년 3월 31일 오전 12시 53분
323	피즈	82	5.8	3.83	패배	2017년 3월 31일 오전 12시 19분
324	피즈	52	5.2	1.60	패배	2017년 3월 30일 오후 11시 39분
325	피즈	64	7.1	13.50	승리	2017년 3월 30일 오후 10시 44분
326	피즈	37	5.2	1.56	승리	2017년 3월 30일 오후 9시 55분
327	피즈	38	7.5	2.50	승리	2017년 3월 30일 오후 9시 11분
328	피즈	73	3.7	0.80	패배	2017년 3월 30일 오후 8시 38분
329	피즈	46	4.2	2.00	패배	2017년 3월 30일 오후 8시 03분
330	그레이브즈	74	3.9	2.43	패배	2017년 3월 30일 오후 7시 11분
331	트위스티드 페이트	48	3.3	2.90	승리	2017년 3월 30일 오후 6시 15분
332	피즈	52	7.5	5.50	승리	2017년 3월 30일 오후 5시 23분
333	루시안	66	6.1	2.50	승리	2017년 3월 30일 오후 4시 54분
334	진	30	7.5	0.60	패배	2017년 3월 30일 오후 4시 01분
335	이즈리얼	67	6.6	8.00	승리	2017년 3월 30일 오후 3시 24분
336	이즈리얼	28	6.7	1.80	패배	2017년 3월 30일 오후 2시 44분
337	이즈리얼	56	6.7	3.29	승리	2017년 3월 29일 오후 7시 32분
338	카시오페아	38	6.3	0.50	패배	2017년 3월 29일 오후 6시 49분
339	카사딘	53	6.1	2.00	패배	2017년 3월 29일 오후 6시 16분
340	리븐	33	5.6	1.86	승리	2017년 3월 29일 오후 5시 31분
341	트위스티드 페이트	50	4.7	0.75	패배	2017년 3월 29일 오후 4시 50분
342	판테온	70	4.4	1.58	패배	2017년 3월 29일 오후 4시 13분
343	엘리스	73	4	2.71	패배	2017년 3월 29일 오후 3시 27분
344	엘리스	44	3.4	2.67	승리	2017년 3월 29일 오후 2시 40분
345	피즈	56	6.1	1.75	패배	2017년 3월 29일 오후 1시 52분
346	직스	48	7.2	4.67	승리	2017년 3월 29일 오후 1시 06분
347	빅토르	55	6.4	5.50	승리	2017년 3월 29일 오후 12시 28분
348	미스 포츈	62	5.8	5.33	승리	2017년 3월 29일 오전 11시 38분
349	올라프	44	5.6	2.14	패배	2017년 3월 29일 오전 11시 05분
350	케이틀린	53	4.9	1.00	패배	2017년 3월 29일 오전 10시 06분
351	이즈리얼	67	6.4	2.90	패배	2017년 3월 29일 오전 12시 37분
352	케이틀린	75	8	4.50	승리	2017년 3월 28일 오후 11시 32분
353	진	35	7.1	1.60	패배	2017년 3월 28일 오후 10시 41분
354	진	33	6.9	0.60	패배	2017년 3월 28일 오후 9시 59분
355	리븐	45	6	1.11	패배	2017년 3월 28일 오후 9시 25분
356	빅토르	46	6.6	2.29	승리	2017년 3월 28일 오후 8시 38분
357	뽀삐	44	5.9	1.75	패배	2017년 3월 28일 오후 7시 52분
358	카직스	39	4.8	2.25	패배	2017년 3월 28일 오후 7시 09분
359	리븐	43	6.8	3.75	승리	2017년 3월 28일 오후 6시 25분
360	렝가	88	4	3.50	패배	2017년 3월 28일 오후 5시 45분
361	빅토르	44	6.6	1.17	패배	2017년 3월 28일 오후 5시 03분
362	잔나	58	0.4	1.22	패배	2017년 3월 28일 오후 4시 29분
363	그레이브즈	55	5.6	4.25	승리	2017년 3월 28일 오후 3시 42분
364	리븐	62	6.5	1.63	패배	2017년 3월 28일 오후 3시 06분
365	피오라	12	6	0.29	패배	2017년 3월 28일 오후 2시 27분
366	레넥톤	0	4.2	0.00	패배	2017년 3월 28일 오후 1시 54분
367	티모	40	6.2	2.00	승리	2017년 3월 28일 오후 1시 27분
368	카밀	50	7.2	2.50	승리	2017년 3월 28일 오후 12시 53분
369	엘리스	55	3.4	2.40	패배	2017년 3월 28일 오후 12시 05분
370	리 신	50	4.6	9.00	승리	2017년 3월 28일 오전 11시 23분
371	리븐	73	7.5	4.00	패배	2017년 3월 27일 오후 9시 23분
372	리븐	55	6.9	5.50	승리	2017년 3월 27일 오후 8시 47분
373	리븐	54	7	5.00	승리	2017년 3월 27일 오후 8시 16분
374	리븐	45	7.8	9.00	승리	2017년 3월 27일 오후 7시 20분
375	루시안	58	8	4.75	승리	2017년 3월 27일 오후 6시 40분
376	야스오	25	7.4	0.50	패배	2017년 3월 27일 오후 5시 49분
377	룰루	50	6.3	2.00	패배	2017년 3월 27일 오후 5시 09분
378	루시안	89	6.3	1.60	패배	2017년 3월 26일 오후 2시 57분
379	시비르	52	7.5	5.00	승리	2017년 3월 26일 오후 2시 20분
380	애쉬	46	6.5	1.80	승리	2017년 3월 26일 오후 1시 52분
381	미스 포츈	63	6.1	3.57	패배	2017년 3월 26일 오후 1시 08분
382	루시안	58	8.6	5.25	승리	2017년 3월 26일 오후 12시 24분
383	이즈리얼	50	6.8	1.00	패배	2017년 3월 26일 오전 11시 48분
384	드레이븐	43	4.1	2.88	승리	2017년 3월 26일 오전 10시 33분
385	진	75	8	18.00	승리	2017년 3월 26일 오전 9시 43분
386	케이틀린	45	7.2	9.00	승리	2017년 3월 26일 오전 8시 47분
387	이즈리얼	59	7.4	11.33	승리	2017년 3월 26일 오전 8시 19분
388	나미	50	0.4	2.00	패배	2017년 3월 26일 오전 7시 39분
389	쓰레쉬	40	1.3	3.17	승리	2017년 3월 26일 오전 6시 59분
390	갈리오	46	1.5	0.67	패배	2017년 3월 26일 오전 6시 08분
391	잔나	69	0.3	9.67	승리	2017년 3월 26일 오전 5시 39분
392	르블랑	71	4.7	2.00	패배	2017년 3월 26일 오전 5시 02분
393	카시오페아	22	8.8	2.00	승리	2017년 3월 26일 오전 4시 33분
394	블라디미르	55	5.9	2.00	패배	2017년 3월 26일 오전 4시 06분
395	갈리오	66	5.1	3.86	패배	2017년 3월 25일 오전 3시 27분
396	갈리오	62	4.1	2.10	승리	2017년 3월 25일 오전 2시 26분
397	제이스	30	4.7	0.91	패배	2017년 3월 24일 오후 9시 53분
398	리븐	27	7.1	5.50	승리	2017년 3월 24일 오후 9시 10분
399	쓰레쉬	50	0.9	0.60	패배	2017년 3월 24일 오후 8시 31분
400	에코	40	5.7	3.50	승리	2017년 3월 24일 오후 7시 58분
401	트위스티드 페이트	80	5.7	2.22	패배	2017년 3월 24일 오후 7시 18분
402	아이번	59	2.4	1.63	패배	2017년 3월 24일 오후 6시 36분
403	그레이브즈	53	5	2.13	패배	2017년 3월 24일 오후 5시 54분
404	제이스	54	6.9	7.00	승리	2017년 3월 24일 오후 4시 03분
405	룰루	44	5.6	3.20	승리	2017년 3월 24일 오후 3시 20분
406	질리언	53	6.2	1.80	패배	2017년 3월 24일 오후 2시 38분
407	오리아나	50	5.7	2.50	패배	2017년 3월 22일 오전 2시 53분
408	아리	73	6	4.57	패배	2017년 3월 22일 오전 2시 13분
409	니달리	63	3.7	2.00	패배	2017년 3월 22일 오전 1시 18분
410	그레이브즈	64	5.6	3.38	패배	2017년 3월 22일 오전 12시 26분
411	럼블	14	7.5	0.60	패배	2017년 3월 21일 오후 7시 28분
412	리븐	40	5.8	0.57	패배	2017년 3월 21일 오후 6시 17분
413	리븐	61	6.3	3.67	승리	2017년 3월 21일 오후 5시 45분
414	라이즈	38	5.8	2.33	패배	2017년 3월 21일 오후 5시 08분
415	쓰레쉬	64	1.1	3.86	승리	2017년 3월 21일 오후 4시 22분
416	블라디미르	26	5.6	0.75	패배	2017년 3월 21일 오후 3시 32분
417	스웨인	33	6.4	1.38	승리	2017년 3월 21일 오후 2시 56분
418	빅토르	48	6.5	3.00	패배	2017년 3월 21일 오후 1시 59분
419	그레이브즈	80	6.2	0.80	패배	2017년 3월 21일 오후 12시 32분
420	카사딘	56	6.2	1.00	패배	2017년 3월 21일 오전 11시 58분
421	제이스	71	6.8	2.14	패배	2017년 3월 21일 오전 11시 26분
422	레넥톤	17	7.4	0.33	패배	2017년 3월 21일 오전 10시 22분
423	스웨인	63	6	2.00	패배	2017년 3월 21일 오전 9시 44분
424	스웨인	53	6.5	2.00	승리	2017년 3월 21일 오전 9시 07분
425	피즈	52	6.5	2.20	승리	2017년 3월 20일 오후 8시 39분
426	제이스	66	6.1	3.00	패배	2017년 3월 20일 오후 7시 49분
427	신드라	64	7.2	5.00	승리	2017년 3월 20일 오후 6시 56분
428	제드	36	5.7	0.71	패배	2017년 3월 20일 오후 6시 17분
429	제이스	59	5.6	3.20	승리	2017년 3월 20일 오후 5시 39분
430	카시오페아	54	6.7	7.50	승리	2017년 3월 20일 오후 5시 00분
431	제이스	67	5.8	0.57	패배	2017년 3월 20일 오후 4시 19분
432	카시오페아	56	8.1	2.50	패배	2017년 3월 20일 오후 3시 50분
433	이즈리얼	79	6.2	4.33	승리	2017년 3월 20일 오후 3시 17분
434	빅토르	47	6.7	1.50	패배	2017년 3월 20일 오후 2시 28분
435	노틸러스	45	5.5	2.17	승리	2017년 3월 20일 오후 1시 43분
436	럼블	51	6	2.50	패배	2017년 3월 20일 오후 1시 01분
437	리븐	48	6.3	2.67	패배	2017년 3월 20일 오후 12시 15분
438	리 신	28	3.5	9.00	승리	2017년 3월 17일 오후 2시 41분
439	리븐	49	7.7	4.25	승리	2017년 3월 17일 오후 2시 11분
440	리븐	70	5.5	4.67	승리	2017년 3월 17일 오후 1시 31분
441	리븐	31	5.9	3.00	승리	2017년 3월 17일 오후 1시 00분
442	아리	54	6.8	4.75	승리	2017년 3월 17일 오후 12시 27분
443	리븐	51	6.3	22.00	승리	2017년 3월 17일 오전 11시 37분
444	리븐	44	5.3	5.25	승리	2017년 3월 17일 오전 11시 00분
445	쓰레쉬	71	0.9	6.25	패배	2017년 3월 17일 오전 10시 19분
446	쓰레쉬	55	0.8	8.50	승리	2017년 3월 17일 오전 9시 38분
447	아리	55	5.7	2.56	승리	2017년 3월 17일 오전 9시 04분
448	탈론	33	6.2	0.50	패배	2017년 3월 17일 오전 8시 14분
449	카르마	44	4.7	1.71	패배	2017년 3월 17일 오전 7시 36분
450	카시오페아	61	6.3	6.75	승리	2017년 3월 17일 오전 6시 57분
451	카르마	56	0.6	18.00	승리	2017년 3월 17일 오전 6시 13분
452	룰루	62	0.6	2.67	패배	2017년 3월 17일 오전 5시 45분
453	다리우스	51	4.6	2.00	승리	2017년 3월 17일 오전 5시 16분
454	리 신	59	3.6	2.31	패배	2017년 3월 17일 오전 4시 34분
455	리 신	67	3.1	0.89	패배	2017년 3월 16일 오후 11시 49분
456	피즈	57	5.4	2.00	패배	2017년 3월 16일 오후 11시 08분
457	피즈	50	6.2	1.67	패배	2017년 3월 16일 오후 10시 09분
458	갱플랭크	45	5.8	2.43	승리	2017년 3월 16일 오후 9시 39분
459	다리우스	66	5.9	4.83	승리	2017년 3월 16일 오후 8시 56분
460	그레이브즈	23	4.3	0.75	패배	2017년 3월 16일 오후 8시 08분
461	카시오페아	40	6	1.20	패배	2017년 3월 16일 오후 7시 40분
462	제이스	56	7.2	5.00	승리	2017년 3월 16일 오후 6시 57분
463	그레이브즈	70	5.6	5.33	승리	2017년 3월 16일 오전 4시 32분
464	엘리스	36	3	13.00	승리	2017년 3월 16일 오전 3시 45분
465	제이스	50	7.4	4.00	승리	2017년 3월 16일 오전 3시 12분
466	리 신	35	3	1.50	패배	2017년 3월 16일 오전 2시 26분
467	리 신	63	3.7	5.00	승리	2017년 3월 16일 오전 1시 58분
468	에코	75	4.1	0.75	패배	2017년 3월 16일 오전 1시 24분
469	아리	49	5.7	1.89	패배	2017년 3월 15일 오후 8시 21분
470	리븐	21	7.1	1.50	승리	2017년 3월 15일 오후 7시 45분
471	제드	38	6.7	1.30	승리	2017년 3월 15일 오후 7시 04분
472	카시오페아	43	5.8	3.80	승리	2017년 3월 15일 오후 6시 14분
473	카시오페아	75	4.9	3.00	패배	2017년 3월 14일 오후 9시 53분
474	카시오페아	24	8	7.00	승리	2017년 3월 14일 오후 9시 02분
475	카시오페아	55	7.1	1.20	패배	2017년 3월 14일 오후 8시 34분
476	카시오페아	21	7.8	2.50	승리	2017년 3월 14일 오후 8시 06분
477	라이즈	40	6.5	2.00	패배	2017년 3월 14일 오후 7시 33분
478	제드	50	6.4	2.17	패배	2017년 3월 14일 오후 6시 43분
479	다리우스	52	6.1	3.83	승리	2017년 3월 14일 오후 5시 54분
480	리 신	47	1.9	3.33	승리	2017년 3월 14일 오후 5시 13분
481	빅토르	46	7.7	11.00	승리	2017년 3월 14일 오후 4시 25분
482	다리우스	41	6.5	4.67	승리	2017년 3월 14일 오후 3시 55분
483	에코	39	7.3	3.67	승리	2017년 3월 14일 오후 3시 21분
484	그라가스	77	3.7	2.43	패배	2017년 3월 14일 오후 2시 50분
485	리 신	62	4.4	2.67	승리	2017년 3월 14일 오후 1시 29분
486	그레이브즈	61	5.6	4.75	승리	2017년 3월 14일 오후 12시 51분
487	신드라	44	6.9	2.00	패배	2017년 3월 14일 오후 12시 19분
488	바루스	24	5.9	1.80	승리	2017년 3월 14일 오전 11시 45분
489	판테온	75	5.9	3.00	패배	2017년 3월 14일 오전 10시 59분
490	블라디미르	14	5.1	0.13	패배	2017년 3월 14일 오전 10시 07분
491	레넥톤	46	6.6	0.86	패배	2017년 3월 14일 오전 9시 39분
492	럼블	48	5.5	2.80	승리	2017년 3월 11일 오후 9시 14분
493	제이스	55	6	1.22	패배	2017년 3월 11일 오후 8시 30분
494	룰루	65	0.4	4.00	패배	2017년 3월 11일 오후 7시 43분
495	리 신	51	4.7	6.00	승리	2017년 3월 11일 오후 6시 43분
496	리 신	64	3.3	2.09	패배	2017년 3월 11일 오후 6시 03분
497	리 신	68	3.2	3.25	패배	2017년 3월 11일 오후 5시 17분
498	그레이브즈	38	4.4	1.29	패배	2017년 3월 11일 오후 4시 29분
499	에코	47	7.4	1.60	패배	2017년 3월 11일 오후 3시 43분
500	에코	41	4.4	1.50	승리	2017년 3월 11일 오후 3시 02분
501	카사딘	32	5.7	1.00	패배	2017년 3월 11일 오후 2시 23분
502	진	48	6.6	5.20	승리	2017년 3월 11일 오후 1시 49분
503	다리우스	71	5.7	1.88	패배	2017년 3월 11일 오후 12시 59분
504	제이스	63	5.2	3.80	승리	2017년 3월 11일 오후 12시 13분
505	리 신	73	3.7	12.00	승리	2017년 3월 11일 오전 11시 30분
506	그레이브즈	47	4.8	1.89	승리	2017년 3월 11일 오전 10시 52분
507	그레이브즈	38	3.8	3.33	승리	2017년 3월 11일 오전 10시 07분
508	엘리스	42	3.6	2.00	패배	2017년 3월 11일 오전 9시 36분
509	그레이브즈	45	5.9	1.67	패배	2017년 3월 10일 오후 9시 09분
510	그레이브즈	29	6.3	3.00	승리	2017년 3월 10일 오후 8시 38분
511	카직스	65	4.3	1.63	패배	2017년 3월 10일 오후 7시 55분
512	에코	17	6.2	0.33	패배	2017년 3월 10일 오후 6시 48분
513	에코	27	5.5	0.75	패배	2017년 3월 10일 오후 6시 17분
514	에코	52	6	1.33	패배	2017년 3월 10일 오후 5시 46분
515	에코	47	1.9	1.89	승리	2017년 3월 10일 오후 4시 59분
516	에코	58	6	2.38	패배	2017년 3월 10일 오후 4시 16분
517	에코	42	5.8	2.22	승리	2017년 3월 10일 오후 3시 27분
518	에코	43	5.1	1.33	패배	2017년 3월 9일 오전 12시 39분
519	에코	50	5.4	1.25	패배	2017년 3월 8일 오후 11시 54분
520	에코	57	5.7	4.20	패배	2017년 3월 8일 오후 11시 17분
521	에코	29	7.3	1.14	패배	2017년 3월 8일 오후 8시 22분
522	에코	29	7.2	1.60	승리	2017년 3월 8일 오후 7시 37분
523	에코	50	4.4	0.13	패배	2017년 3월 8일 오후 6시 58분
524	에코	42	7	10.00	승리	2017년 3월 8일 오후 6시 29분
525	카타리나	46	5.4	3.67	승리	2017년 3월 8일 오후 2시 08분
526	제이스	63	5.8	2.42	패배	2017년 3월 8일 오후 12시 51분
527	오리아나	45	5	0.83	패배	2017년 3월 8일 오후 12시 01분
528	오리아나	38	5.9	1.00	패배	2017년 3월 8일 오전 11시 21분
529	그레이브즈	58	4.6	1.50	패배	2017년 3월 8일 오전 10시 51분
530	오리아나	50	7.4	1.50	승리	2017년 3월 8일 오전 9시 59분
531	오리아나	54	6.1	2.27	패배	2017년 3월 8일 오전 3시 36분
532	오리아나	46	7.8	11.00	승리	2017년 3월 8일 오전 2시 41분
533	카타리나	58	5.3	1.75	패배	2017년 3월 8일 오전 2시 00분
534	카시오페아	57	7.2	3.25	패배	2017년 3월 8일 오전 1시 19분
535	진	54	5.5	1.44	패배	2017년 3월 7일 오후 11시 06분
536	럼블	27	5.6	0.40	패배	2017년 3월 7일 오후 10시 16분
537	오리아나	44	5.9	2.80	승리	2017년 3월 7일 오후 9시 34분
538	오리아나	24	8.1	4.00	승리	2017년 3월 7일 오후 8시 48분
539	카르마	38	0.7	1.83	승리	2017년 3월 7일 오후 8시 15분
540	오리아나	50	7.5	1.67	패배	2017년 3월 7일 오후 7시 39분
541	오리아나	29	6.5	0.50	패배	2017년 3월 7일 오후 6시 58분
542	오리아나	52	8.5	2.75	패배	2017년 3월 7일 오후 6시 25분
543	엘리스	48	4.4	2.67	패배	2017년 3월 7일 오후 5시 44분
544	오리아나	63	6.7	5.67	승리	2017년 3월 7일 오후 4시 56분
545	그레이브즈	55	5.2	2.67	승리	2017년 3월 7일 오후 3시 51분
546	카르마	61	1.7	1.57	패배	2017년 3월 7일 오후 3시 02분
547	오리아나	60	7.2	1.80	패배	2017년 3월 7일 오후 2시 15분
548	리 신	40	2.9	1.20	패배	2017년 3월 7일 오후 1시 40분
549	그레이브즈	64	5	4.00	패배	2017년 3월 7일 오후 12시 51분
550	그레이브즈	50	4.2	2.80	승리	2017년 3월 7일 오후 12시 19분
551	그레이브즈	61	5.2	2.56	패배	2017년 3월 6일 오후 9시 02분
552	리 신	60	3.1	7.00	승리	2017년 3월 6일 오후 8시 11분
553	그레이브즈	57	4.2	2.00	패배	2017년 3월 6일 오후 7시 24분
554	그레이브즈	48	4	5.00	승리	2017년 3월 6일 오후 6시 51분
555	그레이브즈	35	4.6	1.38	승리	2017년 3월 6일 오후 6시 15분
556	신드라	67	5.9	1.56	패배	2017년 3월 4일 오후 10시 41분
557	럭스	70	9.1	19.00	패배	2017년 3월 4일 오후 9시 56분
558	제라스	36	5.1	1.71	패배	2017년 3월 4일 오후 9시 12분
559	제라스	39	4.8	4.00	승리	2017년 3월 3일 오후 10시 22분
560	말자하	50	4.4	4.33	승리	2017년 3월 3일 오후 9시 52분
561	스웨인	37	5.5	4.33	승리	2017년 3월 3일 오후 9시 12분
562	카르마	50	0.2	4.33	승리	2017년 3월 3일 오후 8시 42분
563	다리우스	37	4.5	0.78	패배	2017년 3월 3일 오전 12시 03분
564	다리우스	48	5.5	1.08	패배	2017년 3월 2일 오후 11시 26분
565	제라스	50	6.4	3.67	승리	2017년 3월 2일 오후 10시 47분
566	오리아나	57	7	13.00	승리	2017년 3월 2일 오후 10시 12분
567	직스	42	7.1	1.25	패배	2017년 3월 2일 오후 9시 30분
568	직스	52	6	3.00	승리	2017년 3월 2일 오후 9시 00분
569	직스	50	6.8	7.00	승리	2017년 3월 2일 오후 8시 22분
570	다리우스	52	5.7	2.09	패배	2017년 3월 2일 오후 7시 52분
571	다리우스	46	5.7	1.80	승리	2017년 3월 2일 오후 7시 04분
572	클레드	27	6.4	0.50	패배	2017년 3월 2일 오후 6시 24분
573	라이즈	7	5.4	0.17	패배	2017년 3월 2일 오후 5시 49분
574	트위스티드 페이트	53	7	2.38	패배	2017년 3월 2일 오후 5시 11분
575	아리	45	7.6	5.00	승리	2017년 3월 2일 오후 4시 23분
576	신드라	42	8.1	2.00	패배	2017년 3월 2일 오후 3시 51분
577	트위스티드 페이트	36	5	1.00	패배	2017년 3월 2일 오후 3시 06분
578	트위스티드 페이트	42	5.4	0.83	패배	2017년 3월 2일 오후 2시 12분
579	트위스티드 페이트	32	4.8	1.73	승리	2017년 3월 2일 오후 1시 44분
580	쓰레쉬	59	1.2	5.33	승리	2017년 3월 2일 오후 12시 58분
581	트위스티드 페이트	50	7.5	6.50	승리	2017년 3월 2일 오후 12시 21분
582	제라스	30	6.3	1.13	패배	2017년 3월 2일 오전 11시 45분
583	제라스	38	6.1	3.00	승리	2017년 3월 2일 오전 10시 16분
584	카시오페아	48	5	1.50	패배	2017년 3월 2일 오전 9시 48분
585	엘리스	58	3.5	5.50	패배	2017년 3월 2일 오전 8시 59분
586	아리	56	4.6	2.44	패배	2017년 2월 28일 오전 4시 22분
587	바드	42	0.3	0.38	패배	2017년 2월 28일 오전 3시 35분
588	리 신	63	4.1	2.38	패배	2017년 2월 28일 오전 2시 59분
589	카타리나	41	3.8	1.46	패배	2017년 2월 28일 오전 2시 12분
590	제드	35	6	1.86	승리	2017년 2월 28일 오전 1시 31분
591	그레이브즈	58	4.5	2.11	패배	2017년 2월 27일 오후 11시 11분
592	그레이브즈	39	5.1	1.50	패배	2017년 2월 27일 오후 10시 25분
593	그레이브즈	70	3.5	2.67	패배	2017년 2월 27일 오후 9시 43분
594	그레이브즈	81	6	3.67	승리	2017년 2월 26일 오후 11시 29분
595	그레이브즈	65	4.9	2.83	승리	2017년 2월 26일 오후 10시 24분
596	리븐	32	6.6	2.25	승리	2017년 2월 25일 오후 4시 51분
597	리븐	17	4.4	1.17	승리	2017년 2월 25일 오후 4시 11분
598	제드	53	6.5	3.33	패배	2017년 2월 25일 오후 3시 38분
599	엘리스	52	3	1.56	패배	2017년 2월 25일 오후 3시 06분
600	카시오페아	50	6.1	4.67	승리	2017년 2월 25일 오후 2시 20분
601	룰루	73	0.8	4.14	승리	2017년 2월 25일 오후 1시 32분
602	제드	33	6.2	3.50	승리	2017년 2월 25일 오후 12시 45분
603	라이즈	42	4.5	1.22	패배	2017년 2월 25일 오후 12시 06분
604	신드라	48	6.6	4.33	승리	2017년 2월 25일 오전 11시 16분
605	엘리스	60	3.2	1.50	패배	2017년 2월 25일 오전 10시 41분
606	엘리스	56	4.4	3.75	승리	2017년 2월 25일 오전 10시 10분
607	엘리스	85	2.3	1.83	패배	2017년 2월 25일 오전 12시 35분
608	그레이브즈	49	4.1	2.22	패배	2017년 2월 25일 오전 12시 02분
609	그레이브즈	55	6	8.00	승리	2017년 2월 23일 오후 9시 20분
610	그레이브즈	50	4.3	1.13	패배	2017년 2월 23일 오후 8시 36분
611	그레이브즈	67	3.4	2.00	패배	2017년 2월 23일 오후 7시 57분
612	그레이브즈	75	5.4	10.00	승리	2017년 2월 23일 오후 7시 20분
613	그레이브즈	43	4.8	4.50	승리	2017년 2월 23일 오후 6시 30분
614	그레이브즈	52	6.7	7.50	승리	2017년 2월 23일 오후 6시 00분
615	엘리스	47	2.4	16.00	승리	2017년 2월 23일 오후 5시 08분
616	그레이브즈	52	5.1	2.00	패배	2017년 2월 23일 오후 4시 32분
617	제이스	38	6.5	2.00	승리	2017년 2월 23일 오후 3시 44분
618	그레이브즈	35	5.8	3.00	승리	2017년 2월 22일 오후 1시 14분
619	엘리스	0	1.9	0.00	패배	2017년 2월 22일 오후 12시 42분
620	엘리스	52	3.2	2.50	패배	2017년 2월 22일 오후 12시 21분
621	엘리스	48	3.1	3.00	패배	2017년 2월 22일 오전 11시 41분
622	엘리스	51	3.2	4.20	승리	2017년 2월 22일 오전 5시 17분
623	엘리스	86	2.6	0.75	패배	2017년 2월 22일 오전 4시 22분
624	엘리스	59	2.6	1.08	패배	2017년 2월 22일 오전 3시 53분
625	엘리스	50	3	2.70	패배	2017년 2월 22일 오전 3시 12분
626	엘리스	61	3.5	11.00	승리	2017년 2월 22일 오전 2시 25분
627	엘리스	74	2.7	2.22	패배	2017년 2월 22일 오전 1시 49분
628	엘리스	66	1.7	3.63	승리	2017년 2월 22일 오전 1시 02분
629	엘리스	81	3.3	2.83	패배	2017년 2월 22일 오전 12시 21분
630	엘리스	50	2.9	16.00	승리	2017년 2월 21일 오후 11시 36분
631	그레이브즈	37	5	1.00	패배	2017년 2월 21일 오후 11시 01분
632	그레이브즈	53	4.7	4.20	승리	2017년 2월 21일 오후 10시 24분
633	그레이브즈	57	6.5	3.20	승리	2017년 2월 21일 오후 9시 38분
634	미스 포츈	33	0.4	0.75	패배	2017년 2월 21일 오후 8시 59분
635	미스 포츈	35	0.9	0.75	패배	2017년 2월 21일 오후 8시 28분
636	그레이브즈	14	4.8	0.33	패배	2017년 2월 21일 오후 7시 47분
637	그레이브즈	33	5.3	3.00	승리	2017년 2월 21일 오후 6시 46분
638	그레이브즈	39	6	3.50	승리	2017년 2월 21일 오후 6시 10분
639	럼블	25	5.2	0.57	패배	2017년 2월 21일 오후 5시 36분
640	그레이브즈	53	4.2	3.83	승리	2017년 2월 21일 오전 4시 05분
641	그레이브즈	70	4.7	5.75	승리	2017년 2월 21일 오전 3시 21분
642	엘리스	60	3.3	1.88	패배	2017년 2월 21일 오전 2시 34분
643	그레이브즈	44	4.1	8.00	승리	2017년 2월 21일 오전 1시 50분
644	그레이브즈	47	4.9	4.00	승리	2017년 2월 21일 오전 1시 19분
645	그레이브즈	37	4.2	2.67	승리	2017년 2월 21일 오전 12시 49분
646	그레이브즈	33	5.7	1.67	패배	2017년 2월 21일 오전 12시 09분
647	그레이브즈	51	5.1	2.25	패배	2017년 2월 20일 오후 11시 33분
648	그레이브즈	72	4.7	3.67	승리	2017년 2월 20일 오후 10시 36분
649	리 신	54	3.5	2.33	승리	2017년 2월 20일 오후 9시 40분
650	신드라	45	7	1.80	패배	2017년 2월 20일 오후 8시 52분
651	트위스티드 페이트	36	5.7	3.25	승리	2017년 2월 20일 오후 7시 41분
652	카타리나	85	4.1	1.10	패배	2017년 2월 20일 오후 6시 59분
653	트위스티드 페이트	67	5.9	16.00	승리	2017년 2월 20일 오전 2시 03분
654	엘리스	46	4.4	3.17	승리	2017년 2월 20일 오전 1시 26분
655	신드라	33	8.4	0.25	패배	2017년 2월 20일 오전 12시 35분
656	라이즈	35	6.1	2.80	승리	2017년 2월 20일 오전 12시 06분
657	말자하	44	1	1.43	패배	2017년 2월 19일 오후 11시 20분
658	브라움	57	1.8	8.00	승리	2017년 2월 19일 오후 10시 32분
659	신드라	57	5.9	5.00	승리	2017년 2월 19일 오후 9시 57분
660	피오라	66	6.2	2.38	패배	2017년 2월 19일 오후 9시 19분
661	피즈	38	5	1.14	패배	2017년 2월 19일 오후 8시 28분
662	이렐리아	48	5.9	1.67	패배	2017년 2월 19일 오후 6시 27분
663	케일	42	8.1	2.33	승리	2017년 2월 19일 오후 5시 49분
664	라이즈	40	5.1	2.75	승리	2017년 2월 18일 오후 12시 02분
665	피즈	57	6.1	2.00	패배	2017년 2월 18일 오전 11시 14분
666	아리	53	6.2	2.56	승리	2017년 2월 18일 오전 10시 32분
667	이렐리아	33	6.3	1.50	승리	2017년 2월 18일 오전 9시 06분
668	빅토르	7	6.2	0.17	패배	2017년 2월 18일 오전 8시 32분
669	라이즈	44	5.8	0.80	패배	2017년 2월 18일 오전 7시 59분
670	라이즈	38	5.2	1.22	패배	2017년 2월 18일 오전 7시 19분
671	케이틀린	50	6.6	1.83	패배	2017년 2월 18일 오전 6시 29분
672	카르마	58	4.9	3.63	승리	2017년 2월 17일 오후 9시 27분
673	카르마	29	5.2	0.50	패배	2017년 2월 17일 오후 8시 41분
674	카르마	35	5.6	1.14	패배	2017년 2월 17일 오후 8시 11분
675	트위스티드 페이트	56	5.7	2.20	패배	2017년 2월 17일 오전 5시 17분
676	진	28	5.3	1.67	패배	2017년 2월 17일 오전 4시 26분
677	르블랑	34	4.1	2.83	승리	2017년 2월 17일 오전 3시 16분
678	카르마	36	4.7	2.33	승리	2017년 2월 17일 오전 2시 34분
679	카르마	63	4.5	2.75	패배	2017년 2월 17일 오전 1시 54분
680	카르마	46	4.4	1.86	승리	2017년 2월 17일 오전 1시 15분
681	카르마	38	5	1.50	패배	2017년 2월 17일 오전 12시 36분
682	카르마	53	4.1	2.27	승리	2017년 2월 16일 오후 11시 05분
683	카르마	45	6.6	2.60	승리	2017년 2월 16일 오후 10시 02분
684	카르마	68	0.8	4.50	승리	2017년 2월 16일 오후 9시 22분
685	뽀삐	57	6	2.83	패배	2017년 2월 16일 오후 8시 39분
686	피오라	37	6.2	1.67	승리	2017년 2월 16일 오후 7시 52분
687	야스오	21	5.1	0.30	패배	2017년 2월 16일 오후 7시 12분
688	아지르	43	7	1.00	패배	2017년 2월 16일 오후 6시 42분
689	카시오페아	48	5.7	4.00	승리	2017년 2월 16일 오후 6시 09분
690	라이즈	44	5.9	1.00	패배	2017년 2월 16일 오후 5시 36분
